233773,453.1628285069236,2938865
245438,261.55616482670234,2510103
122612,230.68442591186866,3574007
234004,198.08936562473812,238660
1634,187.9562693941447,323229
786,180.36009889818135,120528
114157,139.11823037965326,216408
515,123.96623033619909,146907
256004,121.86100672243644,858171
95427,116.91921850037136,374306
199550,106.89180332891429,7115413
220992,103.7586784846365,494614
196239,95.01398682515553,163797
96948,92.1134607276574,396093
62,91.9427013479645,738150
188878,90.26380938339348,311998
249603,90.00957407022646,120325
3922,85.88640117723921,8527069
191697,85.03551145479048,124664
97467,82.76263550290444,131178
186300,82.05937991006292,802561
230962,74.73223497987863,169223
77639,74.65631730856313,253961
146891,74.13011535042938,605286
38,73.96797959706166,507770
