v2025-05-12	cedardb/cedardb:v2025-05-12	2025-05-12
v2025-05-12b	cedardb/cedardb:v2025-05-12b	2025-05-12
v2025-05-13	cedardb/cedardb:v2025-05-13	2025-05-13
v2025-05-14	cedardb/cedardb:v2025-05-14	2025-05-14
v2025-05-28	cedardb/cedardb:v2025-05-28	2025-05-28
v2025-06-24	cedardb/cedardb:v2025-06-24	2025-06-24
v2025-07-09	cedardb/cedardb:v2025-07-09	2025-07-09
v2025-07-23	cedardb/cedardb:v2025-07-23	2025-07-23
v2025-08-07	cedardb/cedardb:v2025-08-07	2025-08-07
v2025-08-20	cedardb/cedardb:v2025-08-20	2025-08-20
v2025-08-27	cedardb/cedardb:v2025-08-27	2025-08-27
v2025-09-10	cedardb/cedardb:v2025-09-10	2025-09-10
v2025-09-17	cedardb/cedardb:v2025-09-17	2025-09-17
v2025-09-24	cedardb/cedardb:v2025-09-24	2025-09-24
v2025-09-30	cedardb/cedardb:v2025-09-30	2025-09-30
v2025-10-07	cedardb/cedardb:v2025-10-07	2025-10-07
v2025-10-22	cedardb/cedardb:v2025-10-22	2025-10-22
v2025-11-06	cedardb/cedardb:v2025-11-06	2025-11-06
v2025-11-24	cedardb/cedardb:v2025-11-24	2025-11-24
v2025-12-02	cedardb/cedardb:v2025-12-02	2025-12-02
v2025-12-10	cedardb/cedardb:v2025-12-10	2025-12-10
v2025-12-19	cedardb/cedardb:v2025-12-19	2025-12-19
v2026-01-15	cedardb/cedardb:v2026-01-15	2026-01-15
v2026-01-22	cedardb/cedardb:v2026-01-22	2026-01-22
v2026-02-03	cedardb/cedardb:v2026-02-03	2026-02-03
v2026-02-18	cedardb/cedardb:v2026-02-18	2026-02-18
v2026-03-03	cedardb/cedardb:v2026-03-03	2026-03-03
v2026-03-19	cedardb/cedardb:v2026-03-19	2026-03-19
v2026-04-02	cedardb/cedardb:v2026-04-02	2026-04-02
v2026-04-20	cedardb/cedardb:v2026-04-20	2026-04-20
v2026-04-27	cedardb/cedardb:v2026-04-27	2026-04-27
v2026-05-13	cedardb/cedardb:v2026-05-13	2026-05-13
v2026-05-18	cedardb/cedardb:v2026-05-18	2026-05-18
v2026-05-26	cedardb/cedardb:v2026-05-26	2026-05-26
v2026-06-23	cedardb/cedardb:v2026-06-23	2026-06-23
